name,type,district,province
Aamchowk,Rural Municipality,Bhojpur,Koshi Pradesh
Aandhikhola,Rural Municipality,Syangja,Gandaki Pradesh
Aarughat,Rural Municipality,Gorkha,Gandaki Pradesh
Aathabis,Municipality,Dailekh,Karnali Pradesh
Aathbiskot,Municipality,Rukum West,Karnali Pradesh
Aathrai,Rural Municipality,Terhathum,Koshi Pradesh
Aathrai Tribeni,Rural Municipality,Taplejung,Koshi Pradesh
Aaurahi,Rural Municipality,Dhanusha,Madhesh Pradesh
Adanchuli,Rural Municipality,Humla,Karnali Pradesh
Adarsh kotwal,Rural Municipality,Bara,Madhesh Pradesh
Adharsha,Rural Municipality,Doti,Sudurpashchim Pradesh
Agnisair Krishna Savaran,Rural Municipality,Saptari,Madhesh Pradesh
Ainselukhark,Rural Municipality,Khotang,Koshi Pradesh
Ajaymeru,Rural Municipality,Dadeldhura,Sudurpashchim Pradesh
Ajirkot,Rural Municipality,Gorkha,Gandaki Pradesh
Alital,Rural Municipality,Dadeldhura,Sudurpashchim Pradesh
Amachodingmo,Rural Municipality,Rasuwa,Bagmati Pradesh
Amargadhi,Municipality,Dadeldhura,Sudurpashchim Pradesh
Anbukhaireni,Rural Municipality,Tanahu,Gandaki Pradesh
Annapurna,Rural Municipality,Myagdi,Gandaki Pradesh
Annapurna,Rural Municipality,Kaski,Gandaki Pradesh
Apihimal,Rural Municipality,Darchula,Sudurpashchim Pradesh
Arjunchaupari,Rural Municipality,Syangja,Gandaki Pradesh
Arjundhara,Municipality,Jhapa,Koshi Pradesh
Arnama,Rural Municipality,Siraha,Madhesh Pradesh
Arun,Rural Municipality,Bhojpur,Koshi Pradesh
Aurahi,Municipality,Mahottari,Madhesh Pradesh
Aurahi,Rural Municipality,Siraha,Madhesh Pradesh
Ayirabat,Rural Municipality,Pyuthan,Lumbini Pradesh
Babai,Rural Municipality,Dang,Lumbini Pradesh
Badhaiyatal,Rural Municipality,Bardiya,Lumbini Pradesh
Badigad,Rural Municipality,Baglung,Gandaki Pradesh
Badikedar,Rural Municipality,Doti,Sudurpashchim Pradesh
Badimalika,Municipality,Bajura,Sudurpashchim Pradesh
Bagchaur,Municipality,Salyan,Karnali Pradesh
Baglung,Municipality,Baglung,Gandaki Pradesh
Bagmati,Municipality,Sarlahi,Madhesh Pradesh
Bagmati,Rural Municipality,Lalitpur,Bagmati Pradesh
Bagmati,Rural Municipality,Makwanpur,Bagmati Pradesh
Bagnaskali,Rural Municipality,Palpa,Lumbini Pradesh
Bahudaramai,Municipality,Parsa,Madhesh Pradesh
Baijanath,Rural Municipality,Banke,Lumbini Pradesh
Baiteshwor,Rural Municipality,Dolakha,Bagmati Pradesh
Bakaiya,Rural Municipality,Makwanpur,Bagmati Pradesh
Balan Bihul,Rural Municipality,Saptari,Madhesh Pradesh
Balara,Municipality,Sarlahi,Madhesh Pradesh
Balefi,Rural Municipality,Sindhupalchok,Bagmati Pradesh
Balwa,Municipality,Mahottari,Madhesh Pradesh
Bandipur,Rural Municipality,Tanahu,Gandaki Pradesh
Banepa,Municipality,Kavrepalanchok,Bagmati Pradesh
Banfikot,Rural Municipality,Rukum West,Karnali Pradesh
Bangad,Municipality,Salyan,Karnali Pradesh
Banganga,Municipality,Kapilbastu,Lumbini Pradesh
Banglachuli,Rural Municipality,Dang,Lumbini Pradesh
Bannigadhi,Rural Municipality,Achham,Sudurpashchim Pradesh
Bansagadhi,Municipality,Bardiya,Lumbini Pradesh
Baragadhi,Rural Municipality,Bara,Madhesh Pradesh
Barahapokhari,Rural Municipality,Khotang,Koshi Pradesh
Barahathawa,Municipality,Sarlahi,Madhesh Pradesh
Barahchhetra,Municipality,Sunsari,Koshi Pradesh
Barahtal,Rural Municipality,Surkhet,Karnali Pradesh
Barbardiya,Municipality,Bardiya,Lumbini Pradesh
Bardaghat,Municipality,Nawalparasi West,Lumbini Pradesh
Bardagoriya,Rural Municipality,Kailali,Sudurpashchim Pradesh
Bardibas,Municipality,Mahottari,Madhesh Pradesh
Barekot,Rural Municipality,Jajarkot,Karnali Pradesh
Bareng,Rural Municipality,Baglung,Gandaki Pradesh
Barhabise,Municipality,Sindhupalchok,Bagmati Pradesh
Barhadashi,Rural Municipality,Jhapa,Koshi Pradesh
Bariyarpatti,Rural Municipality,Siraha,Madhesh Pradesh
Barju,Rural Municipality,Sunsari,Koshi Pradesh
Barpak Sulikot,Rural Municipality,Gorkha,Gandaki Pradesh
Basbariya,Rural Municipality,Sarlahi,Madhesh Pradesh
Bateshwor,Rural Municipality,Dhanusha,Madhesh Pradesh
Baudeekali,Rural Municipality,Nawalparari East,Gandaki Pradesh
Baudhimai,Municipality,Rautahat,Madhesh Pradesh
Bedkot,Municipality,Kanchanpur,Sudurpashchim Pradesh
Belaka,Municipality,Udayapur,Koshi Pradesh
Belauri,Municipality,Kanchanpur,Sudurpashchim Pradesh
Belbari,Municipality,Morang,Koshi Pradesh
Beldandi,Rural Municipality,Kanchanpur,Sudurpashchim Pradesh
Belkotgadhi,Municipality,Nuwakot,Bagmati Pradesh
Beni,Municipality,Myagdi,Gandaki Pradesh
Benighat Rorang,Rural Municipality,Dhading,Bagmati Pradesh
Besishahar,Municipality,Lamjung,Gandaki Pradesh
Bethanchowk,Rural Municipality,Kavrepalanchok,Bagmati Pradesh
Bhadrapur,Municipality,Jhapa,Koshi Pradesh
Bhagawanpur,Rural Municipality,Siraha,Madhesh Pradesh
Bhagawatimai,Rural Municipality,Dailekh,Karnali Pradesh
Bhageshwar,Rural Municipality,Dadeldhura,Sudurpashchim Pradesh
Bhairabi,Rural Municipality,Dailekh,Karnali Pradesh
Bhajani,Municipality,Kailali,Sudurpashchim Pradesh
Bhaktapur,Municipality,Bhaktapur,Bagmati Pradesh
Bhangaha,Municipality,Mahottari,Madhesh Pradesh
Bhanu,Municipality,Tanahu,Gandaki Pradesh
Bharatpur,Metropolitan City,Chitwan,Bagmati Pradesh
Bheri,Municipality,Jajarkot,Karnali Pradesh
Bheriganga,Municipality,Surkhet,Karnali Pradesh
Bhimad,Municipality,Tanahu,Gandaki Pradesh
Bhimdatta,Municipality,Kanchanpur,Sudurpashchim Pradesh
Bhimeshwor,Municipality,Dolakha,Bagmati Pradesh
Bhimphedi,Rural Municipality,Makwanpur,Bagmati Pradesh
Bhimsenthapa,Rural Municipality,Gorkha,Gandaki Pradesh
Bhirkot,Municipality,Syangja,Gandaki Pradesh
Bhojpur,Municipality,Bhojpur,Koshi Pradesh
Bhokraha Narsing,Rural Municipality,Sunsari,Koshi Pradesh
Bhotekoshi,Rural Municipality,Sindhupalchok,Bagmati Pradesh
Bhotkhola,Rural Municipality,Sankhuwasabha,Koshi Pradesh
Bhume,Rural Municipality,Rukum East,Lumbini Pradesh
Bhumekasthan,Municipality,Arghakhanchi,Lumbini Pradesh
Bhumlu,Rural Municipality,Kavrepalanchok,Bagmati Pradesh
Bideha,Municipality,Dhanusha,Madhesh Pradesh
Bidur,Municipality,Nuwakot,Bagmati Pradesh
Bigu,Rural Municipality,Dolakha,Bagmati Pradesh
Bihadi,Rural Municipality,Parbat,Gandaki Pradesh
Bijayanagar,Rural Municipality,Kapilbastu,Lumbini Pradesh
Binayee,Rural Municipality,Nawalparari East,Gandaki Pradesh
Bindabasini,Rural Municipality,Parsa,Madhesh Pradesh
Biratnagar,Metropolitan City,Morang,Koshi Pradesh
Birendranagar,Municipality,Surkhet,Karnali Pradesh
Birgunj,Metropolitan City,Parsa,Madhesh Pradesh
Birtamod,Municipality,Jhapa,Koshi Pradesh
Biruwa,Rural Municipality,Syangja,Gandaki Pradesh
Bishnu,Rural Municipality,Sarlahi,Madhesh Pradesh
Bishnupur,Rural Municipality,Saptari,Madhesh Pradesh
Bishnupur,Rural Municipality,Siraha,Madhesh Pradesh
Bishrampur,Rural Municipality,Bara,Madhesh Pradesh
Bithadchir,Rural Municipality,Bajhang,Sudurpashchim Pradesh
Bode Barsain,Municipality,Saptari,Madhesh Pradesh
Bogtan Foodsil,Rural Municipality,Doti,Sudurpashchim Pradesh
Bramhapuri,Rural Municipality,Sarlahi,Madhesh Pradesh
Brindaban,Municipality,Rautahat,Madhesh Pradesh
Buddhabhumi,Municipality,Kapilbastu,Lumbini Pradesh
Buddhashanti,Rural Municipality,Jhapa,Koshi Pradesh
Budhanilakantha,Municipality,Kathmandu,Bagmati Pradesh
Budhiganga,Municipality,Bajura,Sudurpashchim Pradesh
Budhiganga,Rural Municipality,Morang,Koshi Pradesh
Budhinanda,Municipality,Bajura,Sudurpashchim Pradesh
Bulingtar,Rural Municipality,Nawalparari East,Gandaki Pradesh
Bungal,Municipality,Bajhang,Sudurpashchim Pradesh
Butwal,Sub-Metropolitan City,Rupandehi,Lumbini Pradesh
Byas,Municipality,Tanahu,Gandaki Pradesh
Byas,Rural Municipality,Darchula,Sudurpashchim Pradesh
Chabispathivera,Rural Municipality,Bajhang,Sudurpashchim Pradesh
Chainpur,Municipality,Sankhuwasabha,Koshi Pradesh
Chakraghatta,Rural Municipality,Sarlahi,Madhesh Pradesh
Chame,Rural Municipality,Manang,Gandaki Pradesh
Champadevi,Rural Municipality,Okhaldhunga,Koshi Pradesh
Chamunda Bindrasaini,Municipality,Dailekh,Karnali Pradesh
Chandannath,Municipality,Jumla,Karnali Pradesh
Chandragiri,Municipality,Kathmandu,Bagmati Pradesh
Chandrakot,Rural Municipality,Gulmi,Lumbini Pradesh
Chandranagar,Rural Municipality,Sarlahi,Madhesh Pradesh
Chandrapur,Municipality,Rautahat,Madhesh Pradesh
Changunarayan,Municipality,Bhaktapur,Bagmati Pradesh
Chankheli,Rural Municipality,Humla,Karnali Pradesh
Chapakot,Municipality,Syangja,Gandaki Pradesh
Chatrakot,Rural Municipality,Gulmi,Lumbini Pradesh
Chatrakot,Rural Municipality,Gulmi,Lumbini Pradesh
Chaubise,Rural Municipality,Dhankuta,Koshi Pradesh
Chaudandigadhi,Municipality,Udayapur,Koshi Pradesh
Chaukune,Rural Municipality,Surkhet,Karnali Pradesh
Chaurideurali,Rural Municipality,Kavrepalanchok,Bagmati Pradesh
Chaurjahari,Municipality,Rukum West,Karnali Pradesh
Chaurpati,Rural Municipality,Achham,Sudurpashchim Pradesh
Chautara SangachokGadhi,Municipality,Sindhupalchok,Bagmati Pradesh
Chharka Tangsong,Rural Municipality,Dolpa,Karnali Pradesh
Chhathar,Rural Municipality,Terhathum,Koshi Pradesh
Chhathar Jorpati,Rural Municipality,Dhankuta,Koshi Pradesh
Chhatradev,Rural Municipality,Arghakhanchi,Lumbini Pradesh
Chhatreshwori,Rural Municipality,Salyan,Karnali Pradesh
Chhayanath Rara,Municipality,Mugu,Karnali Pradesh
Chhedagad,Municipality,Jajarkot,Karnali Pradesh
Chhinnamasta,Rural Municipality,Saptari,Madhesh Pradesh
Chhipaharmai,Rural Municipality,Parsa,Madhesh Pradesh
Chhireshwarnath,Municipality,Dhanusha,Madhesh Pradesh
Chichila,Rural Municipality,Sankhuwasabha,Koshi Pradesh
Chingad,Rural Municipality,Surkhet,Karnali Pradesh
Chisankhugadhi,Rural Municipality,Okhaldhunga,Koshi Pradesh
Chulachuli,Rural Municipality,Ilam,Koshi Pradesh
Chum Nubri,Rural Municipality,Gorkha,Gandaki Pradesh
Chure,Rural Municipality,Kailali,Sudurpashchim Pradesh
Dakneshwori,Municipality,Saptari,Madhesh Pradesh
Dakshinkali,Municipality,Kathmandu,Bagmati Pradesh
Damak,Municipality,Jhapa,Koshi Pradesh
Dangisharan,Rural Municipality,Dang,Lumbini Pradesh
Darma,Rural Municipality,Salyan,Karnali Pradesh
Dasharathchanda,Municipality,Baitadi,Sudurpashchim Pradesh
Deumai,Municipality,Ilam,Koshi Pradesh
Devchuli,Municipality,Nawalparari East,Gandaki Pradesh
Devdaha,Municipality,Rupandehi,Lumbini Pradesh
Devghat,Rural Municipality,Tanahu,Gandaki Pradesh
Devtal,Rural Municipality,Bara,Madhesh Pradesh
Dewahi Gonahi,Municipality,Rautahat,Madhesh Pradesh
Dewanganj,Rural Municipality,Sunsari,Koshi Pradesh
Dhakari,Rural Municipality,Achham,Sudurpashchim Pradesh
Dhanauji,Rural Municipality,Dhanusha,Madhesh Pradesh
Dhangadhi,Sub-Metropolitan City,Kailali,Sudurpashchim Pradesh
Dhangadhimai,Municipality,Siraha,Madhesh Pradesh
Dhankaul,Rural Municipality,Sarlahi,Madhesh Pradesh
Dhankuta,Municipality,Dhankuta,Koshi Pradesh
Dhanpalthan,Rural Municipality,Morang,Koshi Pradesh
Dhanusadham,Municipality,Dhanusha,Madhesh Pradesh
Dharan,Sub-Metropolitan City,Sunsari,Koshi Pradesh
Dharche,Rural Municipality,Gorkha,Gandaki Pradesh
Dharmadevi,Municipality,Sankhuwasabha,Koshi Pradesh
Dhaulagiri,Rural Municipality,Myagdi,Gandaki Pradesh
Dhobini,Rural Municipality,Parsa,Madhesh Pradesh
Dhorpatan,Municipality,Baglung,Gandaki Pradesh
Dhulikhel,Municipality,Kavrepalanchok,Bagmati Pradesh
Dhunibesi,Municipality,Dhading,Bagmati Pradesh
Diktel Rupakot Majhuwagadhi,Municipality,Khotang,Koshi Pradesh
Dilasaini,Rural Municipality,Baitadi,Sudurpashchim Pradesh
Dipayal Silgadi,Municipality,Doti,Sudurpashchim Pradesh
Diprung,Rural Municipality,Khotang,Koshi Pradesh
Dogadakedar,Rural Municipality,Baitadi,Sudurpashchim Pradesh
Dolpo Buddha,Rural Municipality,Dolpa,Karnali Pradesh
Doramba,Rural Municipality,Ramechhap,Bagmati Pradesh
Dordi,Rural Municipality,Lamjung,Gandaki Pradesh
Dudhouli,Municipality,Sindhuli,Bagmati Pradesh
Dudhpokhari,Rural Municipality,Lamjung,Gandaki Pradesh
Duduwa,Rural Municipality,Banke,Lumbini Pradesh
Duhabi,Municipality,Sunsari,Koshi Pradesh
Dullu,Municipality,Dailekh,Karnali Pradesh
Dungeshwor,Rural Municipality,Dailekh,Karnali Pradesh
Dunhu,Rural Municipality,Darchula,Sudurpashchim Pradesh
Dupcheshwar,Rural Municipality,Nuwakot,Bagmati Pradesh
Durga Bhagwati,Rural Municipality,Rautahat,Madhesh Pradesh
Durgathali,Rural Municipality,Bajhang,Sudurpashchim Pradesh
Ekdanra,Rural Municipality,Mahottari,Madhesh Pradesh
Fakphokthum,Rural Municipality,Ilam,Koshi Pradesh
Falelung,Rural Municipality,Pachthar,Koshi Pradesh
Falgunanda,Rural Municipality,Pachthar,Koshi Pradesh
Gadhawa,Rural Municipality,Dang,Lumbini Pradesh
Gadhi,Rural Municipality,Sunsari,Koshi Pradesh
Gadhimai,Municipality,Rautahat,Madhesh Pradesh
Gaidahawa,Rural Municipality,Rupandehi,Lumbini Pradesh
Gaidakot,Municipality,Nawalparari East,Gandaki Pradesh
Gajuri,Rural Municipality,Dhading,Bagmati Pradesh
Galchi,Rural Municipality,Dhading,Bagmati Pradesh
Galkot,Municipality,Baglung,Gandaki Pradesh
Galyang,Municipality,Syangja,Gandaki Pradesh
Ganayapdhura,Rural Municipality,Dadeldhura,Sudurpashchim Pradesh
Gandaki,Rural Municipality,Gorkha,Gandaki Pradesh
Ganeshman Charnath,Municipality,Dhanusha,Madhesh Pradesh
Gangadev,Rural Municipality,Rolpa,Lumbini Pradesh
Gangajamuna,Rural Municipality,Dhading,Bagmati Pradesh
Garuda,Municipality,Rautahat,Madhesh Pradesh
Gaumukhi,Rural Municipality,Pyuthan,Lumbini Pradesh
Gaumul,Rural Municipality,Bajura,Sudurpashchim Pradesh
Gaur,Municipality,Rautahat,Madhesh Pradesh
Gauradhaha,Municipality,Jhapa,Koshi Pradesh
Gauriganga,Municipality,Kailali,Sudurpashchim Pradesh
Gauriganj,Rural Municipality,Jhapa,Koshi Pradesh
Gaurishankar,Rural Municipality,Dolakha,Bagmati Pradesh
Gaushala,Municipality,Mahottari,Madhesh Pradesh
Geruwa,Rural Municipality,Bardiya,Lumbini Pradesh
Ghanglekh,Rural Municipality,Sindhuli,Bagmati Pradesh
Gharapjhong,Rural Municipality,Mustang,Gandaki Pradesh
Ghiring,Rural Municipality,Tanahu,Gandaki Pradesh
Ghodaghodi,Municipality,Kailali,Sudurpashchim Pradesh
Ghorahi,Sub-Metropolitan City,Dang,Lumbini Pradesh
Godaita,Municipality,Sarlahi,Madhesh Pradesh
Godawari,Municipality,Lalitpur,Bagmati Pradesh
Godawari,Municipality,Kailali,Sudurpashchim Pradesh
Gokarneshwor,Municipality,Kathmandu,Bagmati Pradesh
Gokulganga,Rural Municipality,Ramechhap,Bagmati Pradesh
Golanjor,Rural Municipality,Sindhuli,Bagmati Pradesh
Golbazar,Municipality,Siraha,Madhesh Pradesh
Gorkha,Municipality,Gorkha,Gandaki Pradesh
Gosaikunda,Rural Municipality,Rasuwa,Bagmati Pradesh
Gramthan,Rural Municipality,Morang,Koshi Pradesh
Gujara,Municipality,Rautahat,Madhesh Pradesh
Gulariya,Municipality,Bardiya,Lumbini Pradesh
Gulmidarbar,Rural Municipality,Gulmi,Lumbini Pradesh
Gurans,Rural Municipality,Dailekh,Karnali Pradesh
Gurbhakot,Municipality,Surkhet,Karnali Pradesh
Guthichaur,Rural Municipality,Jumla,Karnali Pradesh
Haldibari,Rural Municipality,Jhapa,Koshi Pradesh
Halesi Tuwachung,Municipality,Khotang,Koshi Pradesh
Hansapur,Municipality,Dhanusha,Madhesh Pradesh
Hanumannagar Kankalini,Municipality,Saptari,Madhesh Pradesh
Hariharpurgadhi,Rural Municipality,Sindhuli,Bagmati Pradesh
Harinagar,Rural Municipality,Sunsari,Koshi Pradesh
Harinas,Rural Municipality,Syangja,Gandaki Pradesh
Haripur,Municipality,Sarlahi,Madhesh Pradesh
Haripurwa,Municipality,Sarlahi,Madhesh Pradesh
Hariwan,Municipality,Sarlahi,Madhesh Pradesh
Hatuwagadhi,Rural Municipality,Bhojpur,Koshi Pradesh
Helambu,Rural Municipality,Sindhupalchok,Bagmati Pradesh
Hetauda,Sub-Metropolitan City,Makwanpur,Bagmati Pradesh
Hilihang,Rural Municipality,Pachthar,Koshi Pradesh
Hima,Rural Municipality,Jumla,Karnali Pradesh
Himali,Rural Municipality,Bajura,Sudurpashchim Pradesh
Hupsekot,Rural Municipality,Nawalparari East,Gandaki Pradesh
Ichchhyakamana,Rural Municipality,Chitwan,Bagmati Pradesh
Illam,Municipality,Ilam,Koshi Pradesh
Inaruwa,Municipality,Sunsari,Koshi Pradesh
Indrasarowar,Rural Municipality,Makwanpur,Bagmati Pradesh
Indrawati,Rural Municipality,Sindhupalchok,Bagmati Pradesh
Ishanath,Municipality,Rautahat,Madhesh Pradesh
Ishworpur,Municipality,Sarlahi,Madhesh Pradesh
Isma,Rural Municipality,Gulmi,Lumbini Pradesh
Itahari,Sub-Metropolitan City,Sunsari,Koshi Pradesh
Jagadulla,Rural Municipality,Dolpa,Karnali Pradesh
Jagannath,Rural Municipality,Bajura,Sudurpashchim Pradesh
Jagarnathpur,Rural Municipality,Parsa,Madhesh Pradesh
Jahada,Rural Municipality,Morang,Koshi Pradesh
Jaimuni,Municipality,Baglung,Gandaki Pradesh
Jaleswor,Municipality,Mahottari,Madhesh Pradesh
Jaljala,Rural Municipality,Parbat,Gandaki Pradesh
Janaki,Rural Municipality,Kailali,Sudurpashchim Pradesh
Janaknandani,Rural Municipality,Dhanusha,Madhesh Pradesh
Janakpurdham,Sub-Metropolitan City,Dhanusha,Madhesh Pradesh
Janki,Rural Municipality,Banke,Lumbini Pradesh
Jantedhunga,Rural Municipality,Khotang,Koshi Pradesh
JayaPrithivi,Municipality,Bajhang,Sudurpashchim Pradesh
Jhapa,Rural Municipality,Jhapa,Koshi Pradesh
Jhimruk,Rural Municipality,Pyuthan,Lumbini Pradesh
Jirabhawani,Rural Municipality,Parsa,Madhesh Pradesh
Jiri,Municipality,Dolakha,Bagmati Pradesh
Jitpursimara,Sub-Metropolitan City,Bara,Madhesh Pradesh
Jorayal,Rural Municipality,Doti,Sudurpashchim Pradesh
Joshipur,Rural Municipality,Kailali,Sudurpashchim Pradesh
Jugal,Rural Municipality,Sindhupalchok,Bagmati Pradesh
Junichande,Rural Municipality,Jajarkot,Karnali Pradesh
Jwalamukhi,Rural Municipality,Dhading,Bagmati Pradesh
K I Singh,Rural Municipality,Doti,Sudurpashchim Pradesh
Kabilasi,Municipality,Sarlahi,Madhesh Pradesh
Kachankawal,Rural Municipality,Jhapa,Koshi Pradesh
Kageshwori Manahora,Municipality,Kathmandu,Bagmati Pradesh
Kaike,Rural Municipality,Dolpa,Karnali Pradesh
Kailari,Rural Municipality,Kailali,Sudurpashchim Pradesh
Kailash,Rural Municipality,Makwanpur,Bagmati Pradesh
Kakani,Rural Municipality,Nuwakot,Bagmati Pradesh
Kalaiya,Sub-Metropolitan City,Bara,Madhesh Pradesh
Kaligandagi,Rural Municipality,Syangja,Gandaki Pradesh
Kaligandaki,Rural Municipality,Gulmi,Lumbini Pradesh
Kalika,Municipality,Chitwan,Bagmati Pradesh
Kalika,Rural Municipality,Rasuwa,Bagmati Pradesh
Kalikamai,Rural Municipality,Parsa,Madhesh Pradesh
Kalimati,Rural Municipality,Salyan,Karnali Pradesh
Kalinchok,Rural Municipality,Dolakha,Bagmati Pradesh
Kalyanpur,Municipality,Siraha,Madhesh Pradesh
Kamal,Rural Municipality,Jhapa,Koshi Pradesh
Kamala,Municipality,Dhanusha,Madhesh Pradesh
Kamalamai,Municipality,Sindhuli,Bagmati Pradesh
Kamalbazar,Municipality,Achham,Sudurpashchim Pradesh
Kanakasundari,Rural Municipality,Jumla,Karnali Pradesh
Kanchan,Rural Municipality,Rupandehi,Lumbini Pradesh
Kanchanrup,Municipality,Saptari,Madhesh Pradesh
Kanepokhari,Rural Municipality,Morang,Koshi Pradesh
Kankai,Municipality,Jhapa,Koshi Pradesh
Kanthekhola,Rural Municipality,Baglung,Gandaki Pradesh
Kapilbastu,Municipality,Kapilbastu,Lumbini Pradesh
Kapurkot,Rural Municipality,Salyan,Karnali Pradesh
Karaiyamai,Rural Municipality,Bara,Madhesh Pradesh
Karjanha,Municipality,Siraha,Madhesh Pradesh
Katahari,Rural Municipality,Morang,Koshi Pradesh
Katahariya,Municipality,Rautahat,Madhesh Pradesh
Katari,Municipality,Udayapur,Koshi Pradesh
Kathmandu,Metropolitan City,Kathmandu,Bagmati Pradesh
Kaudena,Rural Municipality,Sarlahi,Madhesh Pradesh
Kawasoti,Municipality,Nawalparari East,Gandaki Pradesh
Kedarseu,Rural Municipality,Bajhang,Sudurpashchim Pradesh
Kepilasagadhi,Rural Municipality,Khotang,Koshi Pradesh
Kerabari,Rural Municipality,Morang,Koshi Pradesh
Khadadevi,Rural Municipality,Ramechhap,Bagmati Pradesh
Khadak,Municipality,Saptari,Madhesh Pradesh
Khairahani,Municipality,Chitwan,Bagmati Pradesh
Khajura,Rural Municipality,Banke,Lumbini Pradesh
Khandachakra,Municipality,Kalikot,Karnali Pradesh
Khandbari,Municipality,Sankhuwasabha,Koshi Pradesh
Khanikhola,Rural Municipality,Kavrepalanchok,Bagmati Pradesh
Khaniyabash,Rural Municipality,Dhading,Bagmati Pradesh
Khaptad Chhededaha,Rural Municipality,Bajura,Sudurpashchim Pradesh
Khaptadchhanna,Rural Municipality,Bajhang,Sudurpashchim Pradesh
Kharpunath,Rural Municipality,Humla,Karnali Pradesh
Khatyad,Rural Municipality,Mugu,Karnali Pradesh
Khijidemba,Rural Municipality,Okhaldhunga,Koshi Pradesh
Khotehang,Rural Municipality,Khotang,Koshi Pradesh
Khumbupasanglahmu,Rural Municipality,Solukhumbu,Koshi Pradesh
Kirtipur,Municipality,Kathmandu,Bagmati Pradesh
Kispang,Rural Municipality,Nuwakot,Bagmati Pradesh
Kohalpur,Municipality,Banke,Lumbini Pradesh
Kolhabi,Municipality,Bara,Madhesh Pradesh
Konjyosom,Rural Municipality,Lalitpur,Bagmati Pradesh
Koshi,Rural Municipality,Sunsari,Koshi Pradesh
Kotahimai,Rural Municipality,Rupandehi,Lumbini Pradesh
Krishnanagar,Municipality,Kapilbastu,Lumbini Pradesh
Krishnapur,Municipality,Kanchanpur,Sudurpashchim Pradesh
Kumakh,Rural Municipality,Salyan,Karnali Pradesh
Kummayak,Rural Municipality,Pachthar,Koshi Pradesh
Kuse,Rural Municipality,Jajarkot,Karnali Pradesh
Kushma,Municipality,Parbat,Gandaki Pradesh
Kwholasothar,Rural Municipality,Lamjung,Gandaki Pradesh
Lahan,Municipality,Siraha,Madhesh Pradesh
Lakshminiya,Rural Municipality,Dhanusha,Madhesh Pradesh
Lalbandi,Municipality,Sarlahi,Madhesh Pradesh
Laligurans,Municipality,Terhathum,Koshi Pradesh
Lalitpur,Metropolitan City,Lalitpur,Bagmati Pradesh
Laljhandi,Rural Municipality,Kanchanpur,Sudurpashchim Pradesh
Lamahi,Municipality,Dang,Lumbini Pradesh
Lamkichuha,Municipality,Kailali,Sudurpashchim Pradesh
Laxmipur Patari,Rural Municipality,Siraha,Madhesh Pradesh
Lekam,Rural Municipality,Darchula,Sudurpashchim Pradesh
Lekbeshi,Municipality,Surkhet,Karnali Pradesh
Letang,Municipality,Morang,Koshi Pradesh
Likhu,Rural Municipality,Okhaldhunga,Koshi Pradesh
Likhu,Rural Municipality,Nuwakot,Bagmati Pradesh
Likhu Tamakoshi,Rural Municipality,Ramechhap,Bagmati Pradesh
Likhupike,Rural Municipality,Solukhumbu,Koshi Pradesh
Limchungbung,Rural Municipality,Udayapur,Koshi Pradesh
Lisangkhu,Rural Municipality,Sindhupalchok,Bagmati Pradesh
Lo-Ghekar Damodarkunda,Rural Municipality,Mustang,Gandaki Pradesh
Loharpatti,Municipality,Mahottari,Madhesh Pradesh
Lomanthang,Rural Municipality,Mustang,Gandaki Pradesh
Lumbini Sanskritik,Municipality,Rupandehi,Lumbini Pradesh
Lungri,Rural Municipality,Rolpa,Lumbini Pradesh
Maapya Dudhkoshi,Rural Municipality,Solukhumbu,Koshi Pradesh
Machhapuchchhre,Rural Municipality,Kaski,Gandaki Pradesh
Madane,Rural Municipality,Gulmi,Lumbini Pradesh
Madhav Narayan,Municipality,Rautahat,Madhesh Pradesh
Madhuwan,Municipality,Bardiya,Lumbini Pradesh
Madhyabindu,Municipality,Nawalparari East,Gandaki Pradesh
MadhyaNepal,Municipality,Lamjung,Gandaki Pradesh
Madhyapur Thimi,Municipality,Bhaktapur,Bagmati Pradesh
Madi,Municipality,Sankhuwasabha,Koshi Pradesh
Madi,Municipality,Chitwan,Bagmati Pradesh
Madi,Rural Municipality,Kaski,Gandaki Pradesh
Madi,Rural Municipality,Rolpa,Lumbini Pradesh
Mahabharat,Rural Municipality,Kavrepalanchok,Bagmati Pradesh
Mahabu,Rural Municipality,Dailekh,Karnali Pradesh
Mahadeva,Rural Municipality,Saptari,Madhesh Pradesh
Mahagadhimai,Municipality,Bara,Madhesh Pradesh
Mahakali,Municipality,Darchula,Sudurpashchim Pradesh
Mahakali,Municipality,Kanchanpur,Sudurpashchim Pradesh
Mahakulung,Rural Municipality,Solukhumbu,Koshi Pradesh
Mahalaxmi,Municipality,Dhankuta,Koshi Pradesh
Mahalaxmi,Municipality,Lalitpur,Bagmati Pradesh
Mahankal,Rural Municipality,Lalitpur,Bagmati Pradesh
Maharajgunj,Municipality,Kapilbastu,Lumbini Pradesh
Mahashila,Rural Municipality,Parbat,Gandaki Pradesh
Mahawai,Rural Municipality,Kalikot,Karnali Pradesh
Mahottari,Rural Municipality,Mahottari,Madhesh Pradesh
Mai,Municipality,Ilam,Koshi Pradesh
Maijogmai,Rural Municipality,Ilam,Koshi Pradesh
Maiwakhola,Rural Municipality,Taplejung,Koshi Pradesh
Makalu,Rural Municipality,Sankhuwasabha,Koshi Pradesh
Makawanpurgadhi,Rural Municipality,Makwanpur,Bagmati Pradesh
Malangawa,Municipality,Sarlahi,Madhesh Pradesh
Malarani,Rural Municipality,Arghakhanchi,Lumbini Pradesh
Malika,Rural Municipality,Myagdi,Gandaki Pradesh
Malika,Rural Municipality,Gulmi,Lumbini Pradesh
Malikaarjun,Rural Municipality,Darchula,Sudurpashchim Pradesh
Mallarani,Rural Municipality,Pyuthan,Lumbini Pradesh
Manahari,Rural Municipality,Makwanpur,Bagmati Pradesh
Manang Ingshyang,Rural Municipality,Manang,Gandaki Pradesh
Mandandeupur,Municipality,Kavrepalanchok,Bagmati Pradesh
Mandavi,Rural Municipality,Pyuthan,Lumbini Pradesh
Manebhanjyang,Rural Municipality,Okhaldhunga,Koshi Pradesh
Mangala,Rural Municipality,Myagdi,Gandaki Pradesh
Mangalsen,Municipality,Achham,Sudurpashchim Pradesh
Mangsebung,Rural Municipality,Ilam,Koshi Pradesh
Manra Siswa,Municipality,Mahottari,Madhesh Pradesh
Manthali,Municipality,Ramechhap,Bagmati Pradesh
Marchawari,Rural Municipality,Rupandehi,Lumbini Pradesh
Marin,Rural Municipality,Sindhuli,Bagmati Pradesh
Marma,Rural Municipality,Darchula,Sudurpashchim Pradesh
Marsyangdi,Rural Municipality,Lamjung,Gandaki Pradesh
Masta,Rural Municipality,Bajhang,Sudurpashchim Pradesh
Mathagadhi,Rural Municipality,Palpa,Lumbini Pradesh
Matihani,Municipality,Mahottari,Madhesh Pradesh
Maulapur,Municipality,Rautahat,Madhesh Pradesh
Mayadevi,Rural Municipality,Rupandehi,Lumbini Pradesh
Mayadevi,Rural Municipality,Kapilbastu,Lumbini Pradesh
Mechinagar,Municipality,Jhapa,Koshi Pradesh
Melamchi,Municipality,Sindhupalchok,Bagmati Pradesh
Melauli,Municipality,Baitadi,Sudurpashchim Pradesh
Mellekh,Rural Municipality,Achham,Sudurpashchim Pradesh
Melung,Rural Municipality,Dolakha,Bagmati Pradesh
Menchayam,Rural Municipality,Terhathum,Koshi Pradesh
Meringden,Rural Municipality,Taplejung,Koshi Pradesh
Miklajung,Rural Municipality,Pachthar,Koshi Pradesh
Miklajung,Rural Municipality,Morang,Koshi Pradesh
Mikwakhola,Rural Municipality,Taplejung,Koshi Pradesh
Mirchaiya,Municipality,Siraha,Madhesh Pradesh
Mithila,Municipality,Dhanusha,Madhesh Pradesh
Mithila Bihari,Municipality,Dhanusha,Madhesh Pradesh
Modi,Rural Municipality,Parbat,Gandaki Pradesh
Mohanyal,Rural Municipality,Kailali,Sudurpashchim Pradesh
Molung,Rural Municipality,Okhaldhunga,Koshi Pradesh
Mudkechula,Rural Municipality,Dolpa,Karnali Pradesh
Mugum Karmarong,Rural Municipality,Mugu,Karnali Pradesh
Mukhiyapatti Musarmiya,Rural Municipality,Dhanusha,Madhesh Pradesh
Musikot,Municipality,Gulmi,Lumbini Pradesh
Musikot,Municipality,Rukum West,Karnali Pradesh
Myagang,Rural Municipality,Nuwakot,Bagmati Pradesh
Myagde,Rural Municipality,Tanahu,Gandaki Pradesh
Myanglung,Municipality,Terhathum,Koshi Pradesh
Nagarain,Municipality,Dhanusha,Madhesh Pradesh
Nagarjun,Municipality,Kathmandu,Bagmati Pradesh
Nalagad,Municipality,Jajarkot,Karnali Pradesh
Namkha,Rural Municipality,Humla,Karnali Pradesh
Namobuddha,Municipality,Kavrepalanchok,Bagmati Pradesh
Naraha,Rural Municipality,Siraha,Madhesh Pradesh
Naraharinath,Rural Municipality,Kalikot,Karnali Pradesh
Narainapur,Rural Municipality,Banke,Lumbini Pradesh
Narayan,Municipality,Dailekh,Karnali Pradesh
Narpa Bhumi,Rural Municipality,Manang,Gandaki Pradesh
Narshon,Rural Municipality,Manang,Gandaki Pradesh
Naubahini,Rural Municipality,Pyuthan,Lumbini Pradesh
Naugad,Rural Municipality,Darchula,Sudurpashchim Pradesh
Naukunda,Rural Municipality,Rasuwa,Bagmati Pradesh
Naumule,Rural Municipality,Dailekh,Karnali Pradesh
Nawadurga,Rural Municipality,Dadeldhura,Sudurpashchim Pradesh
Nawarajpur,Rural Municipality,Siraha,Madhesh Pradesh
Nechasalyan,Rural Municipality,Solukhumbu,Koshi Pradesh
Nepalgunj,Sub-Metropolitan City,Banke,Lumbini Pradesh
Netrawati Dabjong,Rural Municipality,Dhading,Bagmati Pradesh
Nijgadh,Municipality,Bara,Madhesh Pradesh
Nilakantha,Municipality,Dhading,Bagmati Pradesh
Nisdi,Rural Municipality,Palpa,Lumbini Pradesh
Nisikhola,Rural Municipality,Baglung,Gandaki Pradesh
Omsatiya,Rural Municipality,Rupandehi,Lumbini Pradesh
Pachaljharana,Rural Municipality,Kalikot,Karnali Pradesh
Pacharauta,Municipality,Bara,Madhesh Pradesh
Painyu,Rural Municipality,Parbat,Gandaki Pradesh
Pakaha mainpur,Rural Municipality,Parsa,Madhesh Pradesh
Pakhribas,Municipality,Dhankuta,Koshi Pradesh
Palata,Rural Municipality,Kalikot,Karnali Pradesh
Palhi Nandan,Rural Municipality,Nawalparasi West,Lumbini Pradesh
Palungtar,Municipality,Gorkha,Gandaki Pradesh
Panauti,Municipality,Kavrepalanchok,Bagmati Pradesh
Panchadewal Binayak,Municipality,Achham,Sudurpashchim Pradesh
Panchakanya,Rural Municipality,Nuwakot,Bagmati Pradesh
Panchakhapan,Municipality,Sankhuwasabha,Koshi Pradesh
Pancheshwar,Rural Municipality,Baitadi,Sudurpashchim Pradesh
Panchkhal,Municipality,Kavrepalanchok,Bagmati Pradesh
Panchpokhari Thangpal,Rural Municipality,Sindhupalchok,Bagmati Pradesh
Panchpuri,Municipality,Surkhet,Karnali Pradesh
Panini,Rural Municipality,Arghakhanchi,Lumbini Pradesh
Parashuram,Municipality,Dadeldhura,Sudurpashchim Pradesh
Pariwartan,Rural Municipality,Rolpa,Lumbini Pradesh
Paroha,Municipality,Rautahat,Madhesh Pradesh
Parsa,Rural Municipality,Sarlahi,Madhesh Pradesh
Parsagadhi,Municipality,Parsa,Madhesh Pradesh
Parwanipur,Rural Municipality,Bara,Madhesh Pradesh
Patan,Municipality,Baitadi,Sudurpashchim Pradesh
Paterwa sugauli,Rural Municipality,Parsa,Madhesh Pradesh
Pathari Shanishchare,Municipality,Morang,Koshi Pradesh
Pathivara Yangwarak,Rural Municipality,Taplejung,Koshi Pradesh
Patrasi,Rural Municipality,Jumla,Karnali Pradesh
Pauwadungma,Rural Municipality,Bhojpur,Koshi Pradesh
Phaktanglung,Rural Municipality,Taplejung,Koshi Pradesh
Phalebas,Municipality,Parbat,Gandaki Pradesh
Phatuwa Bijayapur,Municipality,Rautahat,Madhesh Pradesh
Phedap,Rural Municipality,Terhathum,Koshi Pradesh
Phedikhola,Rural Municipality,Syangja,Gandaki Pradesh
Pheta,Rural Municipality,Bara,Madhesh Pradesh
Phidim,Municipality,Pachthar,Koshi Pradesh
Phikkal,Rural Municipality,Sindhuli,Bagmati Pradesh
Phungling,Municipality,Taplejung,Koshi Pradesh
Pipra,Rural Municipality,Mahottari,Madhesh Pradesh
Pokhara,Metropolitan City,Kaski,Gandaki Pradesh
Pokhariya,Municipality,Parsa,Madhesh Pradesh
Prasauni,Rural Municipality,Bara,Madhesh Pradesh
Pratappur,Rural Municipality,Nawalparasi West,Lumbini Pradesh
Punarbas,Municipality,Kanchanpur,Sudurpashchim Pradesh
Purbakhola,Rural Municipality,Palpa,Lumbini Pradesh
Purbichauki,Rural Municipality,Doti,Sudurpashchim Pradesh
Purchaudi,Municipality,Baitadi,Sudurpashchim Pradesh
Putalibazar,Municipality,Syangja,Gandaki Pradesh
Putha Uttarganga,Rural Municipality,Rukum East,Lumbini Pradesh
Pyuthan,Municipality,Pyuthan,Lumbini Pradesh
Raghuganga,Rural Municipality,Myagdi,Gandaki Pradesh
Rainadevi,Rural Municipality,Palpa,Lumbini Pradesh
Rainas,Municipality,Lamjung,Gandaki Pradesh
Rajapur,Municipality,Bardiya,Lumbini Pradesh
Rajbiraj,Municipality,Saptari,Madhesh Pradesh
Rajdevi,Municipality,Rautahat,Madhesh Pradesh
Rajgadh,Rural Municipality,Saptari,Madhesh Pradesh
Rajpur,Municipality,Rautahat,Madhesh Pradesh
Rajpur,Rural Municipality,Dang,Lumbini Pradesh
Raksirang,Rural Municipality,Makwanpur,Bagmati Pradesh
Ramaroshan,Rural Municipality,Achham,Sudurpashchim Pradesh
Rambha,Rural Municipality,Palpa,Lumbini Pradesh
Ramdhuni,Municipality,Sunsari,Koshi Pradesh
Ramechhap,Municipality,Ramechhap,Bagmati Pradesh
Ramgopalpur,Municipality,Mahottari,Madhesh Pradesh
Ramgram,Municipality,Nawalparasi West,Lumbini Pradesh
Ramnagar,Rural Municipality,Sarlahi,Madhesh Pradesh
Ramprasad,Rural Municipality,Bhojpur,Koshi Pradesh
Rampur,Municipality,Palpa,Lumbini Pradesh
Rangeli,Municipality,Morang,Koshi Pradesh
Rapti,Municipality,Chitwan,Bagmati Pradesh
Rapti,Rural Municipality,Dang,Lumbini Pradesh
Rapti Sonari,Rural Municipality,Banke,Lumbini Pradesh
Raskot,Municipality,Kalikot,Karnali Pradesh
Ratnanagar,Municipality,Chitwan,Bagmati Pradesh
Ratuwamai,Municipality,Morang,Koshi Pradesh
Rautamai,Rural Municipality,Udayapur,Koshi Pradesh
Rawa Besi,Rural Municipality,Khotang,Koshi Pradesh
Resunga,Municipality,Gulmi,Lumbini Pradesh
Rhishing,Rural Municipality,Tanahu,Gandaki Pradesh
Ribdikot,Rural Municipality,Palpa,Lumbini Pradesh
Rohini,Rural Municipality,Rupandehi,Lumbini Pradesh
Rolpa,Municipality,Rolpa,Lumbini Pradesh
Rong,Rural Municipality,Ilam,Koshi Pradesh
Roshi,Rural Municipality,Kavrepalanchok,Bagmati Pradesh
Rubi Valley,Rural Municipality,Dhading,Bagmati Pradesh
Runtigadi,Rural Municipality,Rolpa,Lumbini Pradesh
Rupa,Rural Municipality,Kaski,Gandaki Pradesh
Rupani,Rural Municipality,Saptari,Madhesh Pradesh
Ruru,Rural Municipality,Gulmi,Lumbini Pradesh
Sabaila,Municipality,Dhanusha,Madhesh Pradesh
Sabhapokhari,Rural Municipality,Sankhuwasabha,Koshi Pradesh
Sahid Lakhan,Rural Municipality,Gorkha,Gandaki Pradesh
Sahidnagar,Municipality,Dhanusha,Madhesh Pradesh
Sailung,Rural Municipality,Dolakha,Bagmati Pradesh
Sainamaina,Municipality,Rupandehi,Lumbini Pradesh
SaiPaal,Rural Municipality,Bajhang,Sudurpashchim Pradesh
Sakela,Rural Municipality,Khotang,Koshi Pradesh
Sakhuwa Prasauni,Rural Municipality,Parsa,Madhesh Pradesh
Sakhuwanankarkatti,Rural Municipality,Siraha,Madhesh Pradesh
Salpasilichho,Rural Municipality,Bhojpur,Koshi Pradesh
Sammarimai,Rural Municipality,Rupandehi,Lumbini Pradesh
Samsi,Rural Municipality,Mahottari,Madhesh Pradesh
Sandakpur,Rural Municipality,Ilam,Koshi Pradesh
Sandhikharka,Municipality,Arghakhanchi,Lumbini Pradesh
Sangurigadhi,Rural Municipality,Dhankuta,Koshi Pradesh
Sani Bheri,Rural Municipality,Rukum West,Karnali Pradesh
Sanni Tribeni,Rural Municipality,Kalikot,Karnali Pradesh
Sanphebagar,Municipality,Achham,Sudurpashchim Pradesh
Saptakoshi,Municipality,Saptari,Madhesh Pradesh
Sarawal,Rural Municipality,Nawalparasi West,Lumbini Pradesh
Sarkegad,Rural Municipality,Humla,Karnali Pradesh
Sarumarani,Rural Municipality,Pyuthan,Lumbini Pradesh
Satyawati,Rural Municipality,Gulmi,Lumbini Pradesh
Sayal,Rural Municipality,Doti,Sudurpashchim Pradesh
Shadananda,Municipality,Bhojpur,Koshi Pradesh
Shahidbhumi,Rural Municipality,Dhankuta,Koshi Pradesh
Shailyashikhar,Municipality,Darchula,Sudurpashchim Pradesh
Shambhunath,Municipality,Saptari,Madhesh Pradesh
Shankharapur,Municipality,Kathmandu,Bagmati Pradesh
Shantinagar,Rural Municipality,Dang,Lumbini Pradesh
Sharada,Municipality,Salyan,Karnali Pradesh
Shey Phoksundo,Rural Municipality,Dolpa,Karnali Pradesh
Shikhar,Municipality,Doti,Sudurpashchim Pradesh
Shivanath,Rural Municipality,Baitadi,Sudurpashchim Pradesh
Shivapuri,Rural Municipality,Nuwakot,Bagmati Pradesh
Shivaraj,Municipality,Kapilbastu,Lumbini Pradesh
Shivasataxi,Municipality,Jhapa,Koshi Pradesh
Shiwalaya,Rural Municipality,Jajarkot,Karnali Pradesh
Shuklagandaki,Municipality,Tanahu,Gandaki Pradesh
Shuklaphanta,Municipality,Kanchanpur,Sudurpashchim Pradesh
Siddha Kumakh,Rural Municipality,Salyan,Karnali Pradesh
Siddhalek,Rural Municipality,Dhading,Bagmati Pradesh
Siddharthanagar,Municipality,Rupandehi,Lumbini Pradesh
Siddhicharan,Municipality,Okhaldhunga,Koshi Pradesh
Sidingba,Rural Municipality,Taplejung,Koshi Pradesh
Sigas,Rural Municipality,Baitadi,Sudurpashchim Pradesh
Silichong,Rural Municipality,Sankhuwasabha,Koshi Pradesh
Simkot,Rural Municipality,Humla,Karnali Pradesh
Simraungadh,Municipality,Bara,Madhesh Pradesh
Simta,Rural Municipality,Surkhet,Karnali Pradesh
Sinja,Rural Municipality,Jumla,Karnali Pradesh
Siraha,Municipality,Siraha,Madhesh Pradesh
Siranchok,Rural Municipality,Gorkha,Gandaki Pradesh
Sirijangha,Rural Municipality,Taplejung,Koshi Pradesh
Sisne,Rural Municipality,Rukum East,Lumbini Pradesh
Sitganga,Municipality,Arghakhanchi,Lumbini Pradesh
Siyari,Rural Municipality,Rupandehi,Lumbini Pradesh
Solududhakunda,Municipality,Solukhumbu,Koshi Pradesh
Sonama,Rural Municipality,Mahottari,Madhesh Pradesh
Soru,Rural Municipality,Mugu,Karnali Pradesh
Sotang,Rural Municipality,Solukhumbu,Koshi Pradesh
Subha Kalika,Rural Municipality,Kalikot,Karnali Pradesh
Suddhodhan,Rural Municipality,Kapilbastu,Lumbini Pradesh
Sudhdhodhan,Rural Municipality,Rupandehi,Lumbini Pradesh
Sukhipur,Municipality,Siraha,Madhesh Pradesh
Sunapati,Rural Municipality,Ramechhap,Bagmati Pradesh
Sunchhahari,Rural Municipality,Rolpa,Lumbini Pradesh
Sundarbazar,Municipality,Lamjung,Gandaki Pradesh
Sundarharaicha,Municipality,Morang,Koshi Pradesh
Sunil Smriti,Rural Municipality,Rolpa,Lumbini Pradesh
Sunkoshi,Rural Municipality,Okhaldhunga,Koshi Pradesh
Sunkoshi,Rural Municipality,Sindhupalchok,Bagmati Pradesh
Sunkoshi,Rural Municipality,Sindhuli,Bagmati Pradesh
Sunwal,Municipality,Nawalparasi West,Lumbini Pradesh
Sunwarshi,Municipality,Morang,Koshi Pradesh
Surma,Rural Municipality,Bajhang,Sudurpashchim Pradesh
Surnaya,Rural Municipality,Baitadi,Sudurpashchim Pradesh
Surunga,Municipality,Saptari,Madhesh Pradesh
Suryabinayak,Municipality,Bhaktapur,Bagmati Pradesh
Suryagadhi,Rural Municipality,Nuwakot,Bagmati Pradesh
Suryodaya,Municipality,Ilam,Koshi Pradesh
Susta,Rural Municipality,Nawalparasi West,Lumbini Pradesh
Suwarna,Rural Municipality,Bara,Madhesh Pradesh
Swami Kartik Khaapar,Rural Municipality,Bajura,Sudurpashchim Pradesh
Sworgadwary,Municipality,Pyuthan,Lumbini Pradesh
Tadi,Rural Municipality,Nuwakot,Bagmati Pradesh
Talkot,Rural Municipality,Bajhang,Sudurpashchim Pradesh
Tamakoshi,Rural Municipality,Dolakha,Bagmati Pradesh
Taman Khola,Rural Municipality,Baglung,Gandaki Pradesh
Tanjakot,Rural Municipality,Humla,Karnali Pradesh
Tansen,Municipality,Palpa,Lumbini Pradesh
Tapli,Rural Municipality,Udayapur,Koshi Pradesh
Tara Khola,Rural Municipality,Baglung,Gandaki Pradesh
Tarakeshwor,Municipality,Kathmandu,Bagmati Pradesh
Tarkeshwar,Rural Municipality,Nuwakot,Bagmati Pradesh
Tatopani,Rural Municipality,Jumla,Karnali Pradesh
Temal,Rural Municipality,Kavrepalanchok,Bagmati Pradesh
Temkemaiyung,Rural Municipality,Bhojpur,Koshi Pradesh
Thaha,Municipality,Makwanpur,Bagmati Pradesh
Thakre,Rural Municipality,Dhading,Bagmati Pradesh
Thakurbaba,Municipality,Bardiya,Lumbini Pradesh
Thalara,Rural Municipality,Bajhang,Sudurpashchim Pradesh
Thantikandh,Rural Municipality,Dailekh,Karnali Pradesh
Thasang,Rural Municipality,Mustang,Gandaki Pradesh
Thawang,Rural Municipality,Rolpa,Lumbini Pradesh
Thori,Rural Municipality,Parsa,Madhesh Pradesh
Thuli Bheri,Municipality,Dolpa,Karnali Pradesh
Thulung Dudhkoshi,Rural Municipality,Solukhumbu,Koshi Pradesh
Tikapur,Municipality,Kailali,Sudurpashchim Pradesh
Tila,Rural Municipality,Jumla,Karnali Pradesh
Tilagufa,Municipality,Kalikot,Karnali Pradesh
Tilathi Koiladi,Rural Municipality,Saptari,Madhesh Pradesh
Tillotama,Municipality,Rupandehi,Lumbini Pradesh
Tinau,Rural Municipality,Palpa,Lumbini Pradesh
Tinpatan,Rural Municipality,Sindhuli,Bagmati Pradesh
Tirahut,Rural Municipality,Saptari,Madhesh Pradesh
Tokha,Municipality,Kathmandu,Bagmati Pradesh
Tribeni,Municipality,Bajura,Sudurpashchim Pradesh
Tribeni,Rural Municipality,Rolpa,Lumbini Pradesh
Tribeni,Rural Municipality,Rukum West,Karnali Pradesh
Tribeni,Rural Municipality,Salyan,Karnali Pradesh
Tripura Sundari,Rural Municipality,Dhading,Bagmati Pradesh
Tripurasundari,Municipality,Dolpa,Karnali Pradesh
Tripurasundari,Rural Municipality,Sindhupalchok,Bagmati Pradesh
Triyuga,Municipality,Udayapur,Koshi Pradesh
Tulsipur,Sub-Metropolitan City,Dang,Lumbini Pradesh
Tumbewa,Rural Municipality,Pachthar,Koshi Pradesh
Turmakhad,Rural Municipality,Achham,Sudurpashchim Pradesh
Udayapurgadhi,Rural Municipality,Udayapur,Koshi Pradesh
Umakunda,Rural Municipality,Ramechhap,Bagmati Pradesh
Uralabari,Municipality,Morang,Koshi Pradesh
Uttargaya,Rural Municipality,Rasuwa,Bagmati Pradesh
Waling,Municipality,Syangja,Gandaki Pradesh
Waragung Muktikhsetra,Rural Municipality,Mustang,Gandaki Pradesh
Yangwarak,Rural Municipality,Pachthar,Koshi Pradesh
Yashodhara,Rural Municipality,Kapilbastu,Lumbini Pradesh
Yemunamai,Rural Municipality,Rautahat,Madhesh Pradesh
